"id","url","landmark_id"
"0","https://ibb.co/BgB66C8",2
"1","https://ibb.co/yyKZvGp",1
"2","https://ibb.co/df772cf",1
"3","https://ibb.co/X8kPBsc",1
"4","https://ibb.co/svpgytS",1
"5","https://ibb.co/MPbHPSS",1
"6","https://ibb.co/W2prnqK",1
"7","https://ibb.co/MC90HtV",1
"8","https://ibb.co/30YfYF7",1
"9","https://ibb.co/R6LvPtn",2
"10","https://ibb.co/GC6BNVN",2
"11","https://ibb.co/bzZMXfP",2
"12","https://ibb.co/Tg1j4FF",2
"13","https://ibb.co/dtZvytM",2
"14","https://ibb.co/T403xkj",2
"15","https://ibb.co/RTyVRzV",2
"16","https://ibb.co/7z9djhn",2
"17","https://ibb.co/j68V5ZT",2
"18","https://ibb.co/kDyWyC2",2
"19","https://ibb.co/5BjHPL2",2
"20","https://ibb.co/9hqpM3j",2
"21","https://ibb.co/Kq6byGn",2
